{
  "label": "Skills",
  "folders": {},
  "entries": {
    "Accounting": {"name": "Buchhaltung"},
    "Animal Handling": {"name": "Tierdressur"},
    "Anthropology": {"name": "Anthropologie"},
    "Appraise": {"name": "Werte schätzen"},
    "Archaeology": {"name": "Archäologie"},
    "Acting": {"name": "Bühnenkunst},
    "Art/Craft (Acting)": {"name": "Handwerk/Kunst (Bühnenkunst)"},
    "Art/Craft (Any)": {"name": "Handwerk/Kunst (variabel)"},
    "Art/Craft (Fine Art)": {"name": "Handwerk/Kunst (Bildende Kunst)"},
    "Art/Craft (Forgery)": {"name": "Handwerk/Kunst (Fälscherei)"},
    "Art/Craft (Photography)": {"name": "Handwerk/Kunst (Fotografie)"},
    "Charm": {"name": "Charme"},
    "Civics": {"name": "Rechtswesen"},
    "Climb": {"name": "Klettern"},
    "Computer Use": {"name": "Computernutzung"},
    "Credit Rating": {"name": "Finanzkraft"},
    "Cthulhu Mythos": {"name": "Cthulhu-Mythos"},
    "Demolitions": {"name": "Sprengstoffe"},
    "Disguise": {"name": "Verkleiden"},
    "Diving": {"name": "Tauchen"},
    "Dodge": {"name": "Ausweichen"},
    "Drive Auto": {"name": "Auto fahren"},
    "Drive Carriage": {"name": "Drive Carriage"},
    "Drive Horse / Oxen": {"name": "Drive Horse / Oxen"},
    "Drive Wagon / Coach": {"name": "Drive Wagon / Coach"},
    "Electrical Repair": {"name": "Elektrische Reparaturen"},
    "Electronics": {"name": "Elektronik"},
    "Empire": {"name": "Empire"},
    "Fast Talk": {"name": "Überreden"},
    "Fighting (Any)": {"name": "Nahkampf (Beliebig)"},
    "Fighting (Axe)": {"name": "Nahkampf (Axt)"},
    "Fighting (Brawl)": {"name": "Nahkampf (Handgemenge)"},
    "Fighting (Chainsaw)": {"name": "Nahkampf (Kettensäge)"},
    "Fighting (Flail)": {"name": "Nahkampf (Flegelwaffe)"},
    "Fighting (Garrote)": {"name": "Nahkampf (Garotte)"},
    "Fighting (Spear)": {"name": "Nahkampf (Speer)"},
    "Fighting (Sword)": {"name": "Nahkampf (Schwert)"},
    "Fighting (Throw)": {"name": "Nahkampf (Wurf)"},
    "Fighting (Whip)": {"name": "Nahkampf (Peitsche)"},
    "Firearms (Any)": {"name": "Fernkampf (Beliebig)"},
    "Firearms (Artillery)": {"name": "Fernkampf (Artillerie)"},
    "Firearms (Bow)": {"name": "Fernkampf (Bogen)"},
    "Firearms (Flamethrower)": {"name": "Fernkampf (Flammenwerfer)"},
    "Firearms (Handgun)": {"name": "Fernkampf (Faustfeuerwaffe)"},
    "Firearms (Heavy Weapons)": {"name": "Fernkampf (Schwere Waffen)"},
    "Firearms (Machine Gun)": {"name": "Fernkampf (Maschinengewehr)"},
    "Firearms (Rifle/Shotgun)": {"name": "Fernkampf (Gewehr/Flinte)"},
    "Firearms (Submachine Gun)": {"name": "Fernkampf (Maschinenpistole)"},
    "First Aid": {"name": "Erste Hilfe"},
    "Gambling": {"name": "Gambling"},
    "History": {"name": "Geschichte"},
    "Hypnosis": {"name": "Hypnose"},
    "Intimidate": {"name": "Einschüchtern"},
    "Jump": {"name": "Springen"},
    "Language (Any)": {"name": "Sprache (Beliebig)"},
    "Language (Own)": {"name": "Muttersprache"},
    "Law": {"name": "Rechtswesen"},
    "Library Use": {"name": "Bibliotheksnutzung"},
    "Listen": {"name": "Horchen"},
    "Locksmith": {"name": "Schließtechnik"},
    "Lore (Any)": {"name": "Überlieferungen (variabel)"},
    "Mechanical Repair": {"name": "Mechanische Reparaturen"},
    "Medicine": {"name": "Medizin"},
    "Natural World": {"name": "Naturkunde"},
    "Navigate": {"name": "Orientierung"},
    "Occult": {"name": "Okkultismus"},
    "Operate Heavy Machinery": {"name": "Schweres Gerät"},
    "Persuade": {"name": "Überzeugen"},
    "Pilot (Any)": {"name": "Steuern (variabel)"},
    "Psychoanalysis": {"name": "Psychoanalyse"},
    "Psychology": {"name": "Psychologie"},
    "Read Lips": {"name": "Lippenlesen"},
    "Ride": {"name": "Reiten"},
    "Rope Use": {"name": "Rope Use"},
    "Science (Any)": {"name": "Naturwissenschaft (Beliebig)"},
    "Science (Astronomy)": {"name": "Naturwissenschaft (Astronomie)"},
    "Science (Biology)": {"name": "Naturwissenschaft (Biologie)"},
    "Science (Botany)": {"name": "Naturwissenschaft (Botanik)"},
    "Science (Chemistry)": {"name": "Naturwissenschaft (Chemie)"},
    "Science (Cryptography)": {"name": "Naturwissenschaft (Kryptographie)"},
    "Science (Engineering)": {"name": "Naturwissenschaft (Ingenierwissenschaft)"},
    "Science (Forensics)": {"name": "Naturwissenschaft (Forensik)"},
    "Science (Geology)": {"name": "Naturwissenschaft (Geologie)"},
    "Science (Mathematics)": {"name": "Naturwissenschaft (Mathematik)"},
    "Science (Meteorology)": {"name": "Naturwissenschaft (Meteorologie)"},
    "Science (Pharmacy)": {"name": "Naturwissenschaft (Pharmazie)"},
    "Science (Physics)": {"name": "Naturwissenschaft (Physik)"},
    "Science (Zoology)": {"name": "Naturwissenschaft (Zoologie)"},
    "Sleight of Hand": {"name": "Kaschieren"},
    "Spot Hidden": {"name": "Verborgenes erkennen"},
    "Stealth": {"name": "Verborgen bleiben"},
    "Survival (Any)": {"name": "Überlebenskunst (Beliebig)"},
    "Swim": {"name": "Schwimmen"},
    "Track": {"name": "Spurenlesen"},
    "Trap": {"name": "Trap"}
  }
}
